Standard,Category,Constant name,Value,Description
WebGL 1,Clearing buffers,DEPTH_BUFFER_BIT,0x00000100,Passed to clear to clear the current depth buffer.
WebGL 1,Clearing buffers,STENCIL_BUFFER_BIT,0x00000400,Passed to clear to clear the current stencil buffer.
WebGL 1,Clearing buffers,COLOR_BUFFER_BIT,0x00004000,Passed to clear to clear the current color buffer.
WebGL 1,Rendering primitives,POINTS,0x0000,Passed to drawElements or drawArrays to draw single points.
WebGL 1,Rendering primitives,LINES,0x0001,Passed to drawElements or drawArrays to draw lines. Each vertex connects to the one after it.
WebGL 1,Rendering primitives,LINE_LOOP,0x0002,Passed to drawElements or drawArrays to draw lines. Each set of two vertices is treated as a separate line segment.
WebGL 1,Rendering primitives,LINE_STRIP,0x0003,Passed to drawElements or drawArrays to draw a connected group of line segments from the first vertex to the last.
WebGL 1,Rendering primitives,TRIANGLES,0x0004,Passed to drawElements or drawArrays to draw triangles. Each set of three vertices creates a separate triangle.
WebGL 1,Rendering primitives,TRIANGLE_STRIP,0x0005,Passed to drawElements or drawArrays to draw a connected group of triangles.
WebGL 1,Rendering primitives,TRIANGLE_FAN,0x0006,Passed to drawElements or drawArrays to draw a connected group of triangles. Each vertex connects to the previous and the first vertex in the fan.
WebGL 1,Blending modes,ZERO,0,Passed to blendFunc or blendFuncSeparate to turn off a component.
WebGL 1,Blending modes,ONE,1,Passed to blendFunc or blendFuncSeparate to turn on a component.
WebGL 1,Blending modes,SRC_COLOR,0x0300,Passed to blendFunc or blendFuncSeparate to multiply a component by the source element's color.
WebGL 1,Blending modes,ONE_MINUS_SRC_COLOR,0x0301,Passed to blendFunc or blendFuncSeparate to multiply a component by one minus the source element's color.
WebGL 1,Blending modes,SRC_ALPHA,0x0302,Passed to blendFunc or blendFuncSeparate to multiply a component by the source's alpha.
WebGL 1,Blending modes,ONE_MINUS_SRC_ALPHA,0x0303,Passed to blendFunc or blendFuncSeparate to multiply a component by one minus the source's alpha.
WebGL 1,Blending modes,DST_ALPHA,0x0304,Passed to blendFunc or blendFuncSeparate to multiply a component by the destination's alpha.
WebGL 1,Blending modes,ONE_MINUS_DST_ALPHA,0x0305,Passed to blendFunc or blendFuncSeparate to multiply a component by one minus the destination's alpha.
WebGL 1,Blending modes,DST_COLOR,0x0306,Passed to blendFunc or blendFuncSeparate to multiply a component by the destination's color.
WebGL 1,Blending modes,ONE_MINUS_DST_COLOR,0x0307,Passed to blendFunc or blendFuncSeparate to multiply a component by one minus the destination's color.
WebGL 1,Blending modes,SRC_ALPHA_SATURATE,0x0308,Passed to blendFunc or blendFuncSeparate to multiply a component by the minimum of source's alpha or one minus the destination's alpha.
WebGL 1,Blending modes,CONSTANT_COLOR,0x8001,Passed to blendFunc or blendFuncSeparate to specify a constant color blend function.
WebGL 1,Blending modes,ONE_MINUS_CONSTANT_COLOR,0x8002,Passed to blendFunc or blendFuncSeparate to specify one minus a constant color blend function.
WebGL 1,Blending modes,CONSTANT_ALPHA,0x8003,Passed to blendFunc or blendFuncSeparate to specify a constant alpha blend function.
WebGL 1,Blending modes,ONE_MINUS_CONSTANT_ALPHA,0x8004,Passed to blendFunc or blendFuncSeparate to specify one minus a constant alpha blend function.
WebGL 1,Blending equations,FUNC_ADD,0x8006,Passed to blendEquation or blendEquationSeparate to set an addition blend function.
WebGL 1,Blending equations,FUNC_SUBTRACT,0x800A,Passed to blendEquation or blendEquationSeparate to specify a subtraction blend function (source - destination).
WebGL 1,Blending equations,FUNC_REVERSE_SUBTRACT,0x800B,Passed to blendEquation or blendEquationSeparate to specify a reverse subtraction blend function (destination - source).
WebGL 1,Getting GL parameter information,BLEND_EQUATION,0x8009,Passed to getParameter to get the current RGB blend function.
WebGL 1,Getting GL parameter information,BLEND_EQUATION_RGB,0x8009,Passed to getParameter to get the current RGB blend function. Same as BLEND_EQUATION
WebGL 1,Getting GL parameter information,BLEND_EQUATION_ALPHA,0x883D,Passed to getParameter to get the current alpha blend function.
WebGL 1,Getting GL parameter information,BLEND_DST_RGB,0x80C8,Passed to getParameter to get the current destination RGB blend function.
WebGL 1,Getting GL parameter information,BLEND_SRC_RGB,0x80C9,Passed to getParameter to get the current destination RGB blend function.
WebGL 1,Getting GL parameter information,BLEND_DST_ALPHA,0x80CA,Passed to getParameter to get the current destination alpha blend function.
WebGL 1,Getting GL parameter information,BLEND_SRC_ALPHA,0x80CB,Passed to getParameter to get the current source alpha blend function.
WebGL 1,Getting GL parameter information,BLEND_COLOR,0x8005,Passed to getParameter to return the current blend color.
WebGL 1,Getting GL parameter information,ARRAY_BUFFER_BINDING,0x8894,Passed to getParameter to get the array buffer binding.
WebGL 1,Getting GL parameter information,ELEMENT_ARRAY_BUFFER_BINDING,0x8895,Passed to getParameter to get the current element array buffer.
WebGL 1,Getting GL parameter information,LINE_WIDTH,0x0B21,Passed to getParameter to get the current lineWidth (set by the lineWidth method).
WebGL 1,Getting GL parameter information,ALIASED_POINT_SIZE_RANGE,0x846D,Passed to getParameter to get the current size of a point drawn with gl.POINTS
WebGL 1,Getting GL parameter information,ALIASED_LINE_WIDTH_RANGE,0x846E,Passed to getParameter to get the range of available widths for a line. The getParameter method then returns an array with two elements: the first element is the minimum width value and the second element is the maximum width value.
WebGL 1,Getting GL parameter information,CULL_FACE_MODE,0x0B45,"Passed to getParameter to get the current value of cullFace. Should return FRONT, BACK, or FRONT_AND_BACK"
WebGL 1,Getting GL parameter information,FRONT_FACE,0x0B46,Passed to getParameter to determine the current value of frontFace. Should return CW or CCW.
WebGL 1,Getting GL parameter information,DEPTH_RANGE,0x0B70,Passed to getParameter to return a length-2 array of floats giving the current depth range.
WebGL 1,Getting GL parameter information,DEPTH_WRITEMASK,0x0B72,Passed to getParameter to determine if the depth write mask is enabled.
WebGL 1,Getting GL parameter information,DEPTH_CLEAR_VALUE,0x0B73,Passed to getParameter to determine the current depth clear value.
WebGL 1,Getting GL parameter information,DEPTH_FUNC,0x0B74,"Passed to getParameter to get the current depth function. Returns NEVER, ALWAYS, LESS, EQUAL, LEQUAL, GREATER, GEQUAL, or NOTEQUAL."
WebGL 1,Getting GL parameter information,STENCIL_CLEAR_VALUE,0x0B91,Passed to getParameter to get the value the stencil will be cleared to.
WebGL 1,Getting GL parameter information,STENCIL_FUNC,0x0B92,"Passed to getParameter to get the current stencil function. Returns NEVER, ALWAYS, LESS, EQUAL, LEQUAL, GREATER, GEQUAL, or NOTEQUAL."
WebGL 1,Getting GL parameter information,STENCIL_FAIL,0x0B94,"Passed to getParameter to get the current stencil fail function. Should return KEEP, REPLACE, INCR, DECR, INVERT, INCR_WRAP, or DECR_WRAP."
WebGL 1,Getting GL parameter information,STENCIL_PASS_DEPTH_FAIL,0x0B95,"Passed to getParameter to get the current stencil fail function should the depth buffer test fail. Should return KEEP, REPLACE, INCR, DECR, INVERT, INCR_WRAP, or DECR_WRAP."
WebGL 1,Getting GL parameter information,STENCIL_PASS_DEPTH_PASS,0x0B96,"Passed to getParameter to get the current stencil fail function should the depth buffer test pass. Should return KEEP, REPLACE, INCR, DECR, INVERT, INCR_WRAP, or DECR_WRAP."
WebGL 1,Getting GL parameter information,STENCIL_REF,0x0B97,Passed to getParameter to get the reference value used for stencil tests.
WebGL 1,Getting GL parameter information,STENCIL_VALUE_MASK,0x0B93,
WebGL 1,Getting GL parameter information,STENCIL_WRITEMASK,0x0B98,
WebGL 1,Getting GL parameter information,STENCIL_BACK_FUNC,0x8800,
WebGL 1,Getting GL parameter information,STENCIL_BACK_FAIL,0x8801,
WebGL 1,Getting GL parameter information,STENCIL_BACK_PASS_DEPTH_FAIL,0x8802,
WebGL 1,Getting GL parameter information,STENCIL_BACK_PASS_DEPTH_PASS,0x8803,
WebGL 1,Getting GL parameter information,STENCIL_BACK_REF,0x8CA3,
WebGL 1,Getting GL parameter information,STENCIL_BACK_VALUE_MASK,0x8CA4,
WebGL 1,Getting GL parameter information,STENCIL_BACK_WRITEMASK,0x8CA5,
WebGL 1,Getting GL parameter information,VIEWPORT,0x0BA2,Returns an Int32Array with four elements for the current viewport dimensions.
WebGL 1,Getting GL parameter information,SCISSOR_BOX,0x0C10,Returns an Int32Array with four elements for the current scissor box dimensions.
WebGL 1,Getting GL parameter information,COLOR_CLEAR_VALUE,0x0C22,
WebGL 1,Getting GL parameter information,COLOR_WRITEMASK,0x0C23,
WebGL 1,Getting GL parameter information,UNPACK_ALIGNMENT,0x0CF5,
WebGL 1,Getting GL parameter information,PACK_ALIGNMENT,0x0D05,
WebGL 1,Getting GL parameter information,MAX_TEXTURE_SIZE,0x0D33,
WebGL 1,Getting GL parameter information,MAX_VIEWPORT_DIMS,0x0D3A,
WebGL 1,Getting GL parameter information,SUBPIXEL_BITS,0x0D50,
WebGL 1,Getting GL parameter information,RED_BITS,0x0D52,
WebGL 1,Getting GL parameter information,GREEN_BITS,0x0D53,
WebGL 1,Getting GL parameter information,BLUE_BITS,0x0D54,
WebGL 1,Getting GL parameter information,ALPHA_BITS,0x0D55,
WebGL 1,Getting GL parameter information,DEPTH_BITS,0x0D56,
WebGL 1,Getting GL parameter information,STENCIL_BITS,0x0D57,
WebGL 1,Getting GL parameter information,POLYGON_OFFSET_UNITS,0x2A00,
WebGL 1,Getting GL parameter information,POLYGON_OFFSET_FACTOR,0x8038,
WebGL 1,Getting GL parameter information,TEXTURE_BINDING_2D,0x8069,
WebGL 1,Getting GL parameter information,SAMPLE_BUFFERS,0x80A8,
WebGL 1,Getting GL parameter information,SAMPLES,0x80A9,
WebGL 1,Getting GL parameter information,SAMPLE_COVERAGE_VALUE,0x80AA,
WebGL 1,Getting GL parameter information,SAMPLE_COVERAGE_INVERT,0x80AB,
WebGL 1,Getting GL parameter information,COMPRESSED_TEXTURE_FORMATS,0x86A3,
WebGL 1,Getting GL parameter information,VENDOR,0x1F00,
WebGL 1,Getting GL parameter information,RENDERER,0x1F01,
WebGL 1,Getting GL parameter information,VERSION,0x1F02,
WebGL 1,Getting GL parameter information,IMPLEMENTATION_COLOR_READ_TYPE,0x8B9A,
WebGL 1,Getting GL parameter information,IMPLEMENTATION_COLOR_READ_FORMAT,0x8B9B,
WebGL 1,Getting GL parameter information,BROWSER_DEFAULT_WEBGL,0x9244,
WebGL 1,Buffers,STATIC_DRAW,0x88E4,Passed to bufferData as a hint about whether the contents of the buffer are likely to be used often and not change often.
WebGL 1,Buffers,STREAM_DRAW,0x88E0,Passed to bufferData as a hint about whether the contents of the buffer are likely to not be used often.
WebGL 1,Buffers,DYNAMIC_DRAW,0x88E8,Passed to bufferData as a hint about whether the contents of the buffer are likely to be used often and change often.
WebGL 1,Buffers,ARRAY_BUFFER,0x8892,Passed to bindBuffer or bufferData to specify the type of buffer being used.
WebGL 1,Buffers,ELEMENT_ARRAY_BUFFER,0x8893,Passed to bindBuffer or bufferData to specify the type of buffer being used.
WebGL 1,Buffers,BUFFER_SIZE,0x8764,Passed to getBufferParameter to get a buffer's size.
WebGL 1,Buffers,BUFFER_USAGE,0x8765,Passed to getBufferParameter to get the hint for the buffer passed in when it was created.
WebGL 1,Vertex attributes,CURRENT_VERTEX_ATTRIB,0x8626,Passed to getVertexAttrib to read back the current vertex attribute.
WebGL 1,Vertex attributes,VERTEX_ATTRIB_ARRAY_ENABLED,0x8622,
WebGL 1,Vertex attributes,VERTEX_ATTRIB_ARRAY_SIZE,0x8623,
WebGL 1,Vertex attributes,VERTEX_ATTRIB_ARRAY_STRIDE,0x8624,
WebGL 1,Vertex attributes,VERTEX_ATTRIB_ARRAY_TYPE,0x8625,
WebGL 1,Vertex attributes,VERTEX_ATTRIB_ARRAY_NORMALIZED,0x886A,
WebGL 1,Vertex attributes,VERTEX_ATTRIB_ARRAY_POINTER,0x8645,
WebGL 1,Vertex attributes,VERTEX_ATTRIB_ARRAY_BUFFER_BINDING,0x889F,
WebGL 1,Culling,CULL_FACE,0x0B44,Passed to enable/disable to turn on/off culling. Can also be used with getParameter to find the current culling method.
WebGL 1,Culling,FRONT,0x0404,Passed to cullFace to specify that only front faces should be culled.
WebGL 1,Culling,BACK,0x0405,Passed to cullFace to specify that only back faces should be culled.
WebGL 1,Culling,FRONT_AND_BACK,0x0408,Passed to cullFace to specify that front and back faces should be culled.
WebGL 1,Enabling and disabling,BLEND,0x0BE2,Passed to enable/disable to turn on/off blending. Can also be used with getParameter to find the current blending method.
WebGL 1,Enabling and disabling,DEPTH_TEST,0x0B71,Passed to enable/disable to turn on/off the depth test. Can also be used with getParameter to query the depth test.
WebGL 1,Enabling and disabling,DITHER,0x0BD0,Passed to enable/disable to turn on/off dithering. Can also be used with getParameter to find the current dithering method.
WebGL 1,Enabling and disabling,POLYGON_OFFSET_FILL,0x8037,"Passed to enable/disable to turn on/off the polygon offset. Useful for rendering hidden-line images, decals, and solids with highlighted edges. Can also be used with getParameter to query the scissor test."
WebGL 1,Enabling and disabling,SAMPLE_ALPHA_TO_COVERAGE,0x809E,Passed to enable/disable to turn on/off the alpha to coverage. Used in multi-sampling alpha channels.
WebGL 1,Enabling and disabling,SAMPLE_COVERAGE,0x80A0,Passed to enable/disable to turn on/off the sample coverage. Used in multi-sampling.
WebGL 1,Enabling and disabling,SCISSOR_TEST,0x0C11,Passed to enable/disable to turn on/off the scissor test. Can also be used with getParameter to query the scissor test.
WebGL 1,Enabling and disabling,STENCIL_TEST,0x0B90,Passed to enable/disable to turn on/off the stencil test. Can also be used with getParameter to query the stencil test.
WebGL 1,Errors,NO_ERROR,0,Returned from getError.
WebGL 1,Errors,INVALID_ENUM,0x0500,Returned from getError.
WebGL 1,Errors,INVALID_VALUE,0x0501,Returned from getError.
WebGL 1,Errors,INVALID_OPERATION,0x0502,Returned from getError.
WebGL 1,Errors,OUT_OF_MEMORY,0x0505,Returned from getError.
WebGL 1,Errors,CONTEXT_LOST_WEBGL,0x9242,Returned from getError.
WebGL 1,Front face directions,CW,0x0900,Passed to frontFace to specify the front face of a polygon is drawn in the clockwise direction
WebGL 1,Front face directions,CCW,0x0901,Passed to frontFace to specify the front face of a polygon is drawn in the counter clockwise direction
WebGL 1,Hints,DONT_CARE,0x1100,There is no preference for this behavior.
WebGL 1,Hints,FASTEST,0x1101,The most efficient behavior should be used.
WebGL 1,Hints,NICEST,0x1102,The most correct or the highest quality option should be used.
WebGL 1,Hints,GENERATE_MIPMAP_HINT,0x8192,Hint for the quality of filtering when generating mipmap images with WebGLRenderingContext.generateMipmap().
WebGL 1,Data types,BYTE,0x1400,
WebGL 1,Data types,UNSIGNED_BYTE,0x1401,
WebGL 1,Data types,SHORT,0x1402,
WebGL 1,Data types,UNSIGNED_SHORT,0x1403,
WebGL 1,Data types,INT,0x1404,
WebGL 1,Data types,UNSIGNED_INT,0x1405,
WebGL 1,Data types,FLOAT,0x1406,
WebGL 1,Pixel formats,DEPTH_COMPONENT,0x1902,
WebGL 1,Pixel formats,ALPHA,0x1906,
WebGL 1,Pixel formats,RGB,0x1907,
WebGL 1,Pixel formats,RGBA,0x1908,
WebGL 1,Pixel formats,LUMINANCE,0x1909,
WebGL 1,Pixel formats,LUMINANCE_ALPHA,0x190A,
WebGL 1,Pixel types,UNSIGNED_BYTE,0x1401,
WebGL 1,Pixel types,UNSIGNED_SHORT_4_4_4_4,0x8033,
WebGL 1,Pixel types,UNSIGNED_SHORT_5_5_5_1,0x8034,
WebGL 1,Pixel types,UNSIGNED_SHORT_5_6_5,0x8363,
WebGL 1,Shaders,FRAGMENT_SHADER,0x8B30,Passed to createShader to define a fragment shader.
WebGL 1,Shaders,VERTEX_SHADER,0x8B31,Passed to createShader to define a vertex shader
WebGL 1,Shaders,COMPILE_STATUS,0x8B81,Passed to getShaderParameter to get the status of the compilation. Returns false if the shader was not compiled. You can then query getShaderInfoLog to find the exact error
WebGL 1,Shaders,DELETE_STATUS,0x8B80,"Passed to getShaderParameter to determine if a shader was deleted via deleteShader. Returns true if it was, false otherwise."
WebGL 1,Shaders,LINK_STATUS,0x8B82,Passed to getProgramParameter after calling linkProgram to determine if a program was linked correctly. Returns false if there were errors. Use getProgramInfoLog to find the exact error.
WebGL 1,Shaders,VALIDATE_STATUS,0x8B83,Passed to getProgramParameter after calling validateProgram to determine if it is valid. Returns false if errors were found.
WebGL 1,Shaders,ATTACHED_SHADERS,0x8B85,Passed to getProgramParameter after calling attachShader to determine if the shader was attached correctly. Returns false if errors occurred.
WebGL 1,Shaders,ACTIVE_ATTRIBUTES,0x8B89,Passed to getProgramParameter to get the number of attributes active in a program.
WebGL 1,Shaders,ACTIVE_UNIFORMS,0x8B86,Passed to getProgramParameter to get the number of uniforms active in a program.
WebGL 1,Shaders,MAX_VERTEX_ATTRIBS,0x8869,The maximum number of entries possible in the vertex attribute list.
WebGL 1,Shaders,MAX_VERTEX_UNIFORM_VECTORS,0x8DFB,
WebGL 1,Shaders,MAX_VARYING_VECTORS,0x8DFC,
WebGL 1,Shaders,MAX_COMBINED_TEXTURE_IMAGE_UNITS,0x8B4D,
WebGL 1,Shaders,MAX_VERTEX_TEXTURE_IMAGE_UNITS,0x8B4C,
WebGL 1,Shaders,MAX_TEXTURE_IMAGE_UNITS,0x8872,Implementation-dependent number of maximum texture units. At least 8.
WebGL 1,Shaders,MAX_FRAGMENT_UNIFORM_VECTORS,0x8DFD,
WebGL 1,Shaders,SHADER_TYPE,0x8B4F,
WebGL 1,Shaders,SHADING_LANGUAGE_VERSION,0x8B8C,
WebGL 1,Shaders,CURRENT_PROGRAM,0x8B8D,
WebGL 1,Depth or stencil tests,NEVER,0x0200,"Passed to depthFunction or stencilFunction to specify depth or stencil tests will never pass, i.e., nothing will be drawn."
WebGL 1,Depth or stencil tests,LESS,0x0201,Passed to depthFunction or stencilFunction to specify depth or stencil tests will pass if the new depth value is less than the stored value.
WebGL 1,Depth or stencil tests,EQUAL,0x0202,Passed to depthFunction or stencilFunction to specify depth or stencil tests will pass if the new depth value is equals to the stored value.
WebGL 1,Depth or stencil tests,LEQUAL,0x0203,Passed to depthFunction or stencilFunction to specify depth or stencil tests will pass if the new depth value is less than or equal to the stored value.
WebGL 1,Depth or stencil tests,GREATER,0x0204,Passed to depthFunction or stencilFunction to specify depth or stencil tests will pass if the new depth value is greater than the stored value.
WebGL 1,Depth or stencil tests,NOTEQUAL,0x0205,Passed to depthFunction or stencilFunction to specify depth or stencil tests will pass if the new depth value is not equal to the stored value.
WebGL 1,Depth or stencil tests,GEQUAL,0x0206,Passed to depthFunction or stencilFunction to specify depth or stencil tests will pass if the new depth value is greater than or equal to the stored value.
WebGL 1,Depth or stencil tests,ALWAYS,0x0207,"Passed to depthFunction or stencilFunction to specify depth or stencil tests will always pass, i.e., pixels will be drawn in the order they are drawn."
WebGL 1,Stencil actions,KEEP,0x1E00,
WebGL 1,Stencil actions,REPLACE,0x1E01,
WebGL 1,Stencil actions,INCR,0x1E02,
WebGL 1,Stencil actions,DECR,0x1E03,
WebGL 1,Stencil actions,INVERT,0x150A,
WebGL 1,Stencil actions,INCR_WRAP,0x8507,
WebGL 1,Stencil actions,DECR_WRAP,0x8508,
WebGL 1,Textures,NEAREST,0x2600,
WebGL 1,Textures,LINEAR,0x2601,
WebGL 1,Textures,NEAREST_MIPMAP_NEAREST,0x2700,
WebGL 1,Textures,LINEAR_MIPMAP_NEAREST,0x2701,
WebGL 1,Textures,NEAREST_MIPMAP_LINEAR,0x2702,
WebGL 1,Textures,LINEAR_MIPMAP_LINEAR,0x2703,
WebGL 1,Textures,TEXTURE_MAG_FILTER,0x2800,
WebGL 1,Textures,TEXTURE_MIN_FILTER,0x2801,
WebGL 1,Textures,TEXTURE_WRAP_S,0x2802,
WebGL 1,Textures,TEXTURE_WRAP_T,0x2803,
WebGL 1,Textures,TEXTURE_2D,0x0DE1,
WebGL 1,Textures,TEXTURE,0x1702,
WebGL 1,Textures,TEXTURE_CUBE_MAP,0x8513,
WebGL 1,Textures,TEXTURE_BINDING_CUBE_MAP,0x8514,
WebGL 1,Textures,TEXTURE_CUBE_MAP_POSITIVE_X,0x8515,
WebGL 1,Textures,TEXTURE_CUBE_MAP_NEGATIVE_X,0x8516,
WebGL 1,Textures,TEXTURE_CUBE_MAP_POSITIVE_Y,0x8517,
WebGL 1,Textures,TEXTURE_CUBE_MAP_NEGATIVE_Y,0x8518,
WebGL 1,Textures,TEXTURE_CUBE_MAP_POSITIVE_Z,0x8519,
WebGL 1,Textures,TEXTURE_CUBE_MAP_NEGATIVE_Z,0x851A,
WebGL 1,Textures,MAX_CUBE_MAP_TEXTURE_SIZE,0x851C,
WebGL 1,Textures,TEXTURE0,0x84C0,A texture unit.
WebGL 1,Textures,TEXTURE1,0x84C1,A texture unit.
WebGL 1,Textures,TEXTURE2,0x84C2,A texture unit.
WebGL 1,Textures,TEXTURE3,0x84C3,A texture unit.
WebGL 1,Textures,TEXTURE4,0x84C4,A texture unit.
WebGL 1,Textures,TEXTURE5,0x84C5,A texture unit.
WebGL 1,Textures,TEXTURE6,0x84C6,A texture unit.
WebGL 1,Textures,TEXTURE7,0x84C7,A texture unit.
WebGL 1,Textures,TEXTURE8,0x84C8,A texture unit.
WebGL 1,Textures,TEXTURE9,0x84C9,A texture unit.
WebGL 1,Textures,TEXTURE10,0x84CA,A texture unit.
WebGL 1,Textures,TEXTURE11,0x84CB,A texture unit.
WebGL 1,Textures,TEXTURE12,0x84CC,A texture unit.
WebGL 1,Textures,TEXTURE13,0x84CD,A texture unit.
WebGL 1,Textures,TEXTURE14,0x84CE,A texture unit.
WebGL 1,Textures,TEXTURE15,0x84CF,A texture unit.
WebGL 1,Textures,TEXTURE16,0x84D0,A texture unit.
WebGL 1,Textures,TEXTURE17,0x84D1,A texture unit.
WebGL 1,Textures,TEXTURE18,0x84D2,A texture unit.
WebGL 1,Textures,TEXTURE19,0x84D3,A texture unit.
WebGL 1,Textures,TEXTURE20,0x84D4,A texture unit.
WebGL 1,Textures,TEXTURE21,0x84D5,A texture unit.
WebGL 1,Textures,TEXTURE22,0x84D6,A texture unit.
WebGL 1,Textures,TEXTURE23,0x84D7,A texture unit.
WebGL 1,Textures,TEXTURE24,0x84D8,A texture unit.
WebGL 1,Textures,TEXTURE25,0x84D9,A texture unit.
WebGL 1,Textures,TEXTURE26,0x84DA,A texture unit.
WebGL 1,Textures,TEXTURE27,0x84DB,A texture unit.
WebGL 1,Textures,TEXTURE28,0x84DC,A texture unit.
WebGL 1,Textures,TEXTURE29,0x84DD,A texture unit.
WebGL 1,Textures,TEXTURE30,0x84DE,A texture unit.
WebGL 1,Textures,TEXTURE31,0x84DF,A texture unit.
WebGL 1,Textures,ACTIVE_TEXTURE,0x84E0,The current active texture unit.
WebGL 1,Textures,REPEAT,0x2901,
WebGL 1,Textures,CLAMP_TO_EDGE,0x812F,
WebGL 1,Textures,MIRRORED_REPEAT,0x8370,
WebGL 1,Uniform types,FLOAT_VEC2,0x8B50,
WebGL 1,Uniform types,FLOAT_VEC3,0x8B51,
WebGL 1,Uniform types,FLOAT_VEC4,0x8B52,
WebGL 1,Uniform types,INT_VEC2,0x8B53,
WebGL 1,Uniform types,INT_VEC3,0x8B54,
WebGL 1,Uniform types,INT_VEC4,0x8B55,
WebGL 1,Uniform types,BOOL,0x8B56,
WebGL 1,Uniform types,BOOL_VEC2,0x8B57,
WebGL 1,Uniform types,BOOL_VEC3,0x8B58,
WebGL 1,Uniform types,BOOL_VEC4,0x8B59,
WebGL 1,Uniform types,FLOAT_MAT2,0x8B5A,
WebGL 1,Uniform types,FLOAT_MAT3,0x8B5B,
WebGL 1,Uniform types,FLOAT_MAT4,0x8B5C,
WebGL 1,Uniform types,SAMPLER_2D,0x8B5E,
WebGL 1,Uniform types,SAMPLER_CUBE,0x8B60,
WebGL 1,Shader precision-specified types,LOW_FLOAT,0x8DF0,
WebGL 1,Shader precision-specified types,MEDIUM_FLOAT,0x8DF1,
WebGL 1,Shader precision-specified types,HIGH_FLOAT,0x8DF2,
WebGL 1,Shader precision-specified types,LOW_INT,0x8DF3,
WebGL 1,Shader precision-specified types,MEDIUM_INT,0x8DF4,
WebGL 1,Shader precision-specified types,HIGH_INT,0x8DF5,
WebGL 1,Framebuffers and renderbuffers,FRAMEBUFFER,0x8D40,
WebGL 1,Framebuffers and renderbuffers,RENDERBUFFER,0x8D41,
WebGL 1,Framebuffers and renderbuffers,RGBA4,0x8056,
WebGL 1,Framebuffers and renderbuffers,RGB5_A1,0x8057,
WebGL 1,Framebuffers and renderbuffers,RGB565,0x8D62,
WebGL 1,Framebuffers and renderbuffers,DEPTH_COMPONENT16,0x81A5,
WebGL 1,Framebuffers and renderbuffers,STENCIL_INDEX8,0x8D48,
WebGL 1,Framebuffers and renderbuffers,DEPTH_STENCIL,0x84F9,
WebGL 1,Framebuffers and renderbuffers,RENDERBUFFER_WIDTH,0x8D42,
WebGL 1,Framebuffers and renderbuffers,RENDERBUFFER_HEIGHT,0x8D43,
WebGL 1,Framebuffers and renderbuffers,RENDERBUFFER_INTERNAL_FORMAT,0x8D44,
WebGL 1,Framebuffers and renderbuffers,RENDERBUFFER_RED_SIZE,0x8D50,
WebGL 1,Framebuffers and renderbuffers,RENDERBUFFER_GREEN_SIZE,0x8D51,
WebGL 1,Framebuffers and renderbuffers,RENDERBUFFER_BLUE_SIZE,0x8D52,
WebGL 1,Framebuffers and renderbuffers,RENDERBUFFER_ALPHA_SIZE,0x8D53,
WebGL 1,Framebuffers and renderbuffers,RENDERBUFFER_DEPTH_SIZE,0x8D54,
WebGL 1,Framebuffers and renderbuffers,RENDERBUFFER_STENCIL_SIZE,0x8D55,
WebGL 1,Framebuffers and renderbuffers,FRAMEBUFFER_ATTACHMENT_OBJECT_TYPE,0x8CD0,
WebGL 1,Framebuffers and renderbuffers,FRAMEBUFFER_ATTACHMENT_OBJECT_NAME,0x8CD1,
WebGL 1,Framebuffers and renderbuffers,FRAMEBUFFER_ATTACHMENT_TEXTURE_LEVEL,0x8CD2,
WebGL 1,Framebuffers and renderbuffers,FRAMEBUFFER_ATTACHMENT_TEXTURE_CUBE_MAP_FACE,0x8CD3,
WebGL 1,Framebuffers and renderbuffers,COLOR_ATTACHMENT0,0x8CE0,
WebGL 1,Framebuffers and renderbuffers,DEPTH_ATTACHMENT,0x8D00,
WebGL 1,Framebuffers and renderbuffers,STENCIL_ATTACHMENT,0x8D20,
WebGL 1,Framebuffers and renderbuffers,DEPTH_STENCIL_ATTACHMENT,0x821A,
WebGL 1,Framebuffers and renderbuffers,NONE,0,
WebGL 1,Framebuffers and renderbuffers,FRAMEBUFFER_COMPLETE,0x8CD5,
WebGL 1,Framebuffers and renderbuffers,FRAMEBUFFER_INCOMPLETE_ATTACHMENT,0x8CD6,
WebGL 1,Framebuffers and renderbuffers,FRAMEBUFFER_INCOMPLETE_MISSING_ATTACHMENT,0x8CD7,
WebGL 1,Framebuffers and renderbuffers,FRAMEBUFFER_INCOMPLETE_DIMENSIONS,0x8CD9,
WebGL 1,Framebuffers and renderbuffers,FRAMEBUFFER_UNSUPPORTED,0x8CDD,
WebGL 1,Framebuffers and renderbuffers,FRAMEBUFFER_BINDING,0x8CA6,
WebGL 1,Framebuffers and renderbuffers,RENDERBUFFER_BINDING,0x8CA7,
WebGL 1,Framebuffers and renderbuffers,MAX_RENDERBUFFER_SIZE,0x84E8,
WebGL 1,Framebuffers and renderbuffers,INVALID_FRAMEBUFFER_OPERATION,0x0506,
WebGL 1,Pixel storage modes,UNPACK_FLIP_Y_WEBGL,0x9240,
WebGL 1,Pixel storage modes,UNPACK_PREMULTIPLY_ALPHA_WEBGL,0x9241,
WebGL 1,Pixel storage modes,UNPACK_COLORSPACE_CONVERSION_WEBGL,0x9243,
WebGL 2,Getting GL parameter information,READ_BUFFER,0x0C02,
WebGL 2,Getting GL parameter information,UNPACK_ROW_LENGTH,0x0CF2,
WebGL 2,Getting GL parameter information,UNPACK_SKIP_ROWS,0x0CF3,
WebGL 2,Getting GL parameter information,UNPACK_SKIP_PIXELS,0x0CF4,
WebGL 2,Getting GL parameter information,PACK_ROW_LENGTH,0x0D02,
WebGL 2,Getting GL parameter information,PACK_SKIP_ROWS,0x0D03,
WebGL 2,Getting GL parameter information,PACK_SKIP_PIXELS,0x0D04,
WebGL 2,Getting GL parameter information,TEXTURE_BINDING_3D,0x806A,
WebGL 2,Getting GL parameter information,UNPACK_SKIP_IMAGES,0x806D,
WebGL 2,Getting GL parameter information,UNPACK_IMAGE_HEIGHT,0x806E,
WebGL 2,Getting GL parameter information,MAX_3D_TEXTURE_SIZE,0x8073,
WebGL 2,Getting GL parameter information,MAX_ELEMENTS_VERTICES,0x80E8,
WebGL 2,Getting GL parameter information,MAX_ELEMENTS_INDICES,0x80E9,
WebGL 2,Getting GL parameter information,MAX_TEXTURE_LOD_BIAS,0x84FD,
WebGL 2,Getting GL parameter information,MAX_FRAGMENT_UNIFORM_COMPONENTS,0x8B49,
WebGL 2,Getting GL parameter information,MAX_VERTEX_UNIFORM_COMPONENTS,0x8B4A,
WebGL 2,Getting GL parameter information,MAX_ARRAY_TEXTURE_LAYERS,0x88FF,
WebGL 2,Getting GL parameter information,MIN_PROGRAM_TEXEL_OFFSET,0x8904,
WebGL 2,Getting GL parameter information,MAX_PROGRAM_TEXEL_OFFSET,0x8905,
WebGL 2,Getting GL parameter information,MAX_VARYING_COMPONENTS,0x8B4B,
WebGL 2,Getting GL parameter information,FRAGMENT_SHADER_DERIVATIVE_HINT,0x8B8B,
WebGL 2,Getting GL parameter information,RASTERIZER_DISCARD,0x8C89,
WebGL 2,Getting GL parameter information,VERTEX_ARRAY_BINDING,0x85B5,
WebGL 2,Getting GL parameter information,MAX_VERTEX_OUTPUT_COMPONENTS,0x9122,
WebGL 2,Getting GL parameter information,MAX_FRAGMENT_INPUT_COMPONENTS,0x9125,
WebGL 2,Getting GL parameter information,MAX_SERVER_WAIT_TIMEOUT,0x9111,
WebGL 2,Getting GL parameter information,MAX_ELEMENT_INDEX,0x8D6B,
WebGL 2,Textures,RED,0x1903,
WebGL 2,Textures,RGB8,0x8051,
WebGL 2,Textures,RGBA8,0x8058,
WebGL 2,Textures,RGB10_A2,0x8059,
WebGL 2,Textures,TEXTURE_3D,0x806F,
WebGL 2,Textures,TEXTURE_WRAP_R,0x8072,
WebGL 2,Textures,TEXTURE_MIN_LOD,0x813A,
WebGL 2,Textures,TEXTURE_MAX_LOD,0x813B,
WebGL 2,Textures,TEXTURE_BASE_LEVEL,0x813C,
WebGL 2,Textures,TEXTURE_MAX_LEVEL,0x813D,
WebGL 2,Textures,TEXTURE_COMPARE_MODE,0x884C,
WebGL 2,Textures,TEXTURE_COMPARE_FUNC,0x884D,
WebGL 2,Textures,SRGB,0x8C40,
WebGL 2,Textures,SRGB8,0x8C41,
WebGL 2,Textures,SRGB8_ALPHA8,0x8C43,
WebGL 2,Textures,COMPARE_REF_TO_TEXTURE,0x884E,
WebGL 2,Textures,RGBA32F,0x8814,
WebGL 2,Textures,RGB32F,0x8815,
WebGL 2,Textures,RGBA16F,0x881A,
WebGL 2,Textures,RGB16F,0x881B,
WebGL 2,Textures,TEXTURE_2D_ARRAY,0x8C1A,
WebGL 2,Textures,TEXTURE_BINDING_2D_ARRAY,0x8C1D,
WebGL 2,Textures,R11F_G11F_B10F,0x8C3A,
WebGL 2,Textures,RGB9_E5,0x8C3D,
WebGL 2,Textures,RGBA32UI,0x8D70,
WebGL 2,Textures,RGB32UI,0x8D71,
WebGL 2,Textures,RGBA16UI,0x8D76,
WebGL 2,Textures,RGB16UI,0x8D77,
WebGL 2,Textures,RGBA8UI,0x8D7C,
WebGL 2,Textures,RGB8UI,0x8D7D,
WebGL 2,Textures,RGBA32I,0x8D82,
WebGL 2,Textures,RGB32I,0x8D83,
WebGL 2,Textures,RGBA16I,0x8D88,
WebGL 2,Textures,RGB16I,0x8D89,
WebGL 2,Textures,RGBA8I,0x8D8E,
WebGL 2,Textures,RGB8I,0x8D8F,
WebGL 2,Textures,RED_INTEGER,0x8D94,
WebGL 2,Textures,RGB_INTEGER,0x8D98,
WebGL 2,Textures,RGBA_INTEGER,0x8D99,
WebGL 2,Textures,R8,0x8229,
WebGL 2,Textures,RG8,0x822B,
WebGL 2,Textures,R16F,0x822D,
WebGL 2,Textures,R32F,0x822E,
WebGL 2,Textures,RG16F,0x822F,
WebGL 2,Textures,RG32F,0x8230,
WebGL 2,Textures,R8I,0x8231,
WebGL 2,Textures,R8UI,0x8232,
WebGL 2,Textures,R16I,0x8233,
WebGL 2,Textures,R16UI,0x8234,
WebGL 2,Textures,R32I,0x8235,
WebGL 2,Textures,R32UI,0x8236,
WebGL 2,Textures,RG8I,0x8237,
WebGL 2,Textures,RG8UI,0x8238,
WebGL 2,Textures,RG16I,0x8239,
WebGL 2,Textures,RG16UI,0x823A,
WebGL 2,Textures,RG32I,0x823B,
WebGL 2,Textures,RG32UI,0x823C,
WebGL 2,Textures,R8_SNORM,0x8F94,
WebGL 2,Textures,RG8_SNORM,0x8F95,
WebGL 2,Textures,RGB8_SNORM,0x8F96,
WebGL 2,Textures,RGBA8_SNORM,0x8F97,
WebGL 2,Textures,RGB10_A2UI,0x906F,
WebGL 2,Textures,TEXTURE_IMMUTABLE_FORMAT,0x912F,
WebGL 2,Textures,TEXTURE_IMMUTABLE_LEVELS,0x82DF,
WebGL 2,Pixel types,UNSIGNED_INT_2_10_10_10_REV,0x8368,
WebGL 2,Pixel types,UNSIGNED_INT_10F_11F_11F_REV,0x8C3B,
WebGL 2,Pixel types,UNSIGNED_INT_5_9_9_9_REV,0x8C3E,
WebGL 2,Pixel types,FLOAT_32_UNSIGNED_INT_24_8_REV,0x8DAD,
WebGL 2,Pixel types,UNSIGNED_INT_24_8,0x84FA,
WebGL 2,Pixel types,HALF_FLOAT,0x140B,
WebGL 2,Pixel types,RG,0x8227,
WebGL 2,Pixel types,RG_INTEGER,0x8228,
WebGL 2,Pixel types,INT_2_10_10_10_REV,0x8D9F,
WebGL 2,Queries,CURRENT_QUERY,0x8865,
WebGL 2,Queries,QUERY_RESULT,0x8866,
WebGL 2,Queries,QUERY_RESULT_AVAILABLE,0x8867,
WebGL 2,Queries,ANY_SAMPLES_PASSED,0x8C2F,
WebGL 2,Queries,ANY_SAMPLES_PASSED_CONSERVATIVE,0x8D6A,
WebGL 2,Draw buffers,MAX_DRAW_BUFFERS,0x8824,
WebGL 2,Draw buffers,DRAW_BUFFER0,0x8825,
WebGL 2,Draw buffers,DRAW_BUFFER1,0x8826,
WebGL 2,Draw buffers,DRAW_BUFFER2,0x8827,
WebGL 2,Draw buffers,DRAW_BUFFER3,0x8828,
WebGL 2,Draw buffers,DRAW_BUFFER4,0x8829,
WebGL 2,Draw buffers,DRAW_BUFFER5,0x882A,
WebGL 2,Draw buffers,DRAW_BUFFER6,0x882B,
WebGL 2,Draw buffers,DRAW_BUFFER7,0x882C,
WebGL 2,Draw buffers,DRAW_BUFFER8,0x882D,
WebGL 2,Draw buffers,DRAW_BUFFER9,0x882E,
WebGL 2,Draw buffers,DRAW_BUFFER10,0x882F,
WebGL 2,Draw buffers,DRAW_BUFFER11,0x8830,
WebGL 2,Draw buffers,DRAW_BUFFER12,0x8831,
WebGL 2,Draw buffers,DRAW_BUFFER13,0x8832,
WebGL 2,Draw buffers,DRAW_BUFFER14,0x8833,
WebGL 2,Draw buffers,DRAW_BUFFER15,0x8834,
WebGL 2,Draw buffers,MAX_COLOR_ATTACHMENTS,0x8CDF,
WebGL 2,Draw buffers,COLOR_ATTACHMENT1,0x8CE1,
WebGL 2,Draw buffers,COLOR_ATTACHMENT2,0x8CE2,
WebGL 2,Draw buffers,COLOR_ATTACHMENT3,0x8CE3,
WebGL 2,Draw buffers,COLOR_ATTACHMENT4,0x8CE4,
WebGL 2,Draw buffers,COLOR_ATTACHMENT5,0x8CE5,
WebGL 2,Draw buffers,COLOR_ATTACHMENT6,0x8CE6,
WebGL 2,Draw buffers,COLOR_ATTACHMENT7,0x8CE7,
WebGL 2,Draw buffers,COLOR_ATTACHMENT8,0x8CE8,
WebGL 2,Draw buffers,COLOR_ATTACHMENT9,0x8CE9,
WebGL 2,Draw buffers,COLOR_ATTACHMENT10,0x8CEA,
WebGL 2,Draw buffers,COLOR_ATTACHMENT11,0x8CEB,
WebGL 2,Draw buffers,COLOR_ATTACHMENT12,0x8CEC,
WebGL 2,Draw buffers,COLOR_ATTACHMENT13,0x8CED,
WebGL 2,Draw buffers,COLOR_ATTACHMENT14,0x8CEE,
WebGL 2,Draw buffers,COLOR_ATTACHMENT15,0x8CEF,
WebGL 2,Samplers,SAMPLER_3D,0x8B5F,
WebGL 2,Samplers,SAMPLER_2D_SHADOW,0x8B62,
WebGL 2,Samplers,SAMPLER_2D_ARRAY,0x8DC1,
WebGL 2,Samplers,SAMPLER_2D_ARRAY_SHADOW,0x8DC4,
WebGL 2,Samplers,SAMPLER_CUBE_SHADOW,0x8DC5,
WebGL 2,Samplers,INT_SAMPLER_2D,0x8DCA,
WebGL 2,Samplers,INT_SAMPLER_3D,0x8DCB,
WebGL 2,Samplers,INT_SAMPLER_CUBE,0x8DCC,
WebGL 2,Samplers,INT_SAMPLER_2D_ARRAY,0x8DCF,
WebGL 2,Samplers,UNSIGNED_INT_SAMPLER_2D,0x8DD2,
WebGL 2,Samplers,UNSIGNED_INT_SAMPLER_3D,0x8DD3,
WebGL 2,Samplers,UNSIGNED_INT_SAMPLER_CUBE,0x8DD4,
WebGL 2,Samplers,UNSIGNED_INT_SAMPLER_2D_ARRAY,0x8DD7,
WebGL 2,Samplers,MAX_SAMPLES,0x8D57,
WebGL 2,Samplers,SAMPLER_BINDING,0x8919,
WebGL 2,Buffers,PIXEL_PACK_BUFFER,0x88EB,
WebGL 2,Buffers,PIXEL_UNPACK_BUFFER,0x88EC,
WebGL 2,Buffers,PIXEL_PACK_BUFFER_BINDING,0x88ED,
WebGL 2,Buffers,PIXEL_UNPACK_BUFFER_BINDING,0x88EF,
WebGL 2,Buffers,COPY_READ_BUFFER,0x8F36,
WebGL 2,Buffers,COPY_WRITE_BUFFER,0x8F37,
WebGL 2,Buffers,COPY_READ_BUFFER_BINDING,0x8F36,
WebGL 2,Buffers,COPY_WRITE_BUFFER_BINDING,0x8F37,
WebGL 2,Data types,FLOAT_MAT2x3,0x8B65,
WebGL 2,Data types,FLOAT_MAT2x4,0x8B66,
WebGL 2,Data types,FLOAT_MAT3x2,0x8B67,
WebGL 2,Data types,FLOAT_MAT3x4,0x8B68,
WebGL 2,Data types,FLOAT_MAT4x2,0x8B69,
WebGL 2,Data types,FLOAT_MAT4x3,0x8B6A,
WebGL 2,Data types,UNSIGNED_INT_VEC2,0x8DC6,
WebGL 2,Data types,UNSIGNED_INT_VEC3,0x8DC7,
WebGL 2,Data types,UNSIGNED_INT_VEC4,0x8DC8,
WebGL 2,Data types,UNSIGNED_NORMALIZED,0x8C17,
WebGL 2,Data types,SIGNED_NORMALIZED,0x8F9C,
WebGL 2,Vertex attributes,VERTEX_ATTRIB_ARRAY_INTEGER,0x88FD,
WebGL 2,Vertex attributes,VERTEX_ATTRIB_ARRAY_DIVISOR,0x88FE,
WebGL 2,Transform feedback,TRANSFORM_FEEDBACK_BUFFER_MODE,0x8C7F,
WebGL 2,Transform feedback,MAX_TRANSFORM_FEEDBACK_SEPARATE_COMPONENTS,0x8C80,
WebGL 2,Transform feedback,TRANSFORM_FEEDBACK_VARYINGS,0x8C83,
WebGL 2,Transform feedback,TRANSFORM_FEEDBACK_BUFFER_START,0x8C84,
WebGL 2,Transform feedback,TRANSFORM_FEEDBACK_BUFFER_SIZE,0x8C85,
WebGL 2,Transform feedback,TRANSFORM_FEEDBACK_PRIMITIVES_WRITTEN,0x8C88,
WebGL 2,Transform feedback,MAX_TRANSFORM_FEEDBACK_INTERLEAVED_COMPONENTS,0x8C8A,
WebGL 2,Transform feedback,MAX_TRANSFORM_FEEDBACK_SEPARATE_ATTRIBS,0x8C8B,
WebGL 2,Transform feedback,INTERLEAVED_ATTRIBS,0x8C8C,
WebGL 2,Transform feedback,SEPARATE_ATTRIBS,0x8C8D,
WebGL 2,Transform feedback,TRANSFORM_FEEDBACK_BUFFER,0x8C8E,
WebGL 2,Transform feedback,TRANSFORM_FEEDBACK_BUFFER_BINDING,0x8C8F,
WebGL 2,Transform feedback,TRANSFORM_FEEDBACK,0x8E22,
WebGL 2,Transform feedback,TRANSFORM_FEEDBACK_PAUSED,0x8E23,
WebGL 2,Transform feedback,TRANSFORM_FEEDBACK_ACTIVE,0x8E24,
WebGL 2,Transform feedback,TRANSFORM_FEEDBACK_BINDING,0x8E25,
WebGL 2,Framebuffers and renderbuffers,FRAMEBUFFER_ATTACHMENT_COLOR_ENCODING,0x8210,
WebGL 2,Framebuffers and renderbuffers,FRAMEBUFFER_ATTACHMENT_COMPONENT_TYPE,0x8211,
WebGL 2,Framebuffers and renderbuffers,FRAMEBUFFER_ATTACHMENT_RED_SIZE,0x8212,
WebGL 2,Framebuffers and renderbuffers,FRAMEBUFFER_ATTACHMENT_GREEN_SIZE,0x8213,
WebGL 2,Framebuffers and renderbuffers,FRAMEBUFFER_ATTACHMENT_BLUE_SIZE,0x8214,
WebGL 2,Framebuffers and renderbuffers,FRAMEBUFFER_ATTACHMENT_ALPHA_SIZE,0x8215,
WebGL 2,Framebuffers and renderbuffers,FRAMEBUFFER_ATTACHMENT_DEPTH_SIZE,0x8216,
WebGL 2,Framebuffers and renderbuffers,FRAMEBUFFER_ATTACHMENT_STENCIL_SIZE,0x8217,
WebGL 2,Framebuffers and renderbuffers,FRAMEBUFFER_DEFAULT,0x8218,
WebGL 2,Framebuffers and renderbuffers,DEPTH_STENCIL_ATTACHMENT,0x821A,
WebGL 2,Framebuffers and renderbuffers,DEPTH_STENCIL,0x84F9,
WebGL 2,Framebuffers and renderbuffers,DEPTH24_STENCIL8,0x88F0,
WebGL 2,Framebuffers and renderbuffers,DRAW_FRAMEBUFFER_BINDING,0x8CA6,
WebGL 2,Framebuffers and renderbuffers,READ_FRAMEBUFFER,0x8CA8,
WebGL 2,Framebuffers and renderbuffers,DRAW_FRAMEBUFFER,0x8CA9,
WebGL 2,Framebuffers and renderbuffers,READ_FRAMEBUFFER_BINDING,0x8CAA,
WebGL 2,Framebuffers and renderbuffers,RENDERBUFFER_SAMPLES,0x8CAB,
WebGL 2,Framebuffers and renderbuffers,FRAMEBUFFER_ATTACHMENT_TEXTURE_LAYER,0x8CD4,
WebGL 2,Framebuffers and renderbuffers,FRAMEBUFFER_INCOMPLETE_MULTISAMPLE,0x8D56,
WebGL 2,Uniforms,UNIFORM_BUFFER,0x8A11,
WebGL 2,Uniforms,UNIFORM_BUFFER_BINDING,0x8A28,
WebGL 2,Uniforms,UNIFORM_BUFFER_START,0x8A29,
WebGL 2,Uniforms,UNIFORM_BUFFER_SIZE,0x8A2A,
WebGL 2,Uniforms,MAX_VERTEX_UNIFORM_BLOCKS,0x8A2B,
WebGL 2,Uniforms,MAX_FRAGMENT_UNIFORM_BLOCKS,0x8A2D,
WebGL 2,Uniforms,MAX_COMBINED_UNIFORM_BLOCKS,0x8A2E,
WebGL 2,Uniforms,MAX_UNIFORM_BUFFER_BINDINGS,0x8A2F,
WebGL 2,Uniforms,MAX_UNIFORM_BLOCK_SIZE,0x8A30,
WebGL 2,Uniforms,MAX_COMBINED_VERTEX_UNIFORM_COMPONENTS,0x8A31,
WebGL 2,Uniforms,MAX_COMBINED_FRAGMENT_UNIFORM_COMPONENTS,0x8A33,
WebGL 2,Uniforms,UNIFORM_BUFFER_OFFSET_ALIGNMENT,0x8A34,
WebGL 2,Uniforms,ACTIVE_UNIFORM_BLOCKS,0x8A36,
WebGL 2,Uniforms,UNIFORM_TYPE,0x8A37,
WebGL 2,Uniforms,UNIFORM_SIZE,0x8A38,
WebGL 2,Uniforms,UNIFORM_BLOCK_INDEX,0x8A3A,
WebGL 2,Uniforms,UNIFORM_OFFSET,0x8A3B,
WebGL 2,Uniforms,UNIFORM_ARRAY_STRIDE,0x8A3C,
WebGL 2,Uniforms,UNIFORM_MATRIX_STRIDE,0x8A3D,
WebGL 2,Uniforms,UNIFORM_IS_ROW_MAJOR,0x8A3E,
WebGL 2,Uniforms,UNIFORM_BLOCK_BINDING,0x8A3F,
WebGL 2,Uniforms,UNIFORM_BLOCK_DATA_SIZE,0x8A40,
WebGL 2,Uniforms,UNIFORM_BLOCK_ACTIVE_UNIFORMS,0x8A42,
WebGL 2,Uniforms,UNIFORM_BLOCK_ACTIVE_UNIFORM_INDICES,0x8A43,
WebGL 2,Uniforms,UNIFORM_BLOCK_REFERENCED_BY_VERTEX_SHADER,0x8A44,
WebGL 2,Uniforms,UNIFORM_BLOCK_REFERENCED_BY_FRAGMENT_SHADER,0x8A46,
WebGL 2,Sync objects,OBJECT_TYPE,0x9112,
WebGL 2,Sync objects,SYNC_CONDITION,0x9113,
WebGL 2,Sync objects,SYNC_STATUS,0x9114,
WebGL 2,Sync objects,SYNC_FLAGS,0x9115,
WebGL 2,Sync objects,SYNC_FENCE,0x9116,
WebGL 2,Sync objects,SYNC_GPU_COMMANDS_COMPLETE,0x9117,
WebGL 2,Sync objects,UNSIGNALED,0x9118,
WebGL 2,Sync objects,SIGNALED,0x9119,
WebGL 2,Sync objects,ALREADY_SIGNALED,0x911A,
WebGL 2,Sync objects,TIMEOUT_EXPIRED,0x911B,
WebGL 2,Sync objects,CONDITION_SATISFIED,0x911C,
WebGL 2,Sync objects,WAIT_FAILED,0x911D,
WebGL 2,Sync objects,SYNC_FLUSH_COMMANDS_BIT,0x00000001,
WebGL 2,Miscellaneous constants,COLOR,0x1800,
WebGL 2,Miscellaneous constants,DEPTH,0x1801,
WebGL 2,Miscellaneous constants,STENCIL,0x1802,
WebGL 2,Miscellaneous constants,MIN,0x8007,
WebGL 2,Miscellaneous constants,MAX,0x8008,
WebGL 2,Miscellaneous constants,DEPTH_COMPONENT24,0x81A6,
WebGL 2,Miscellaneous constants,STREAM_READ,0x88E1,
WebGL 2,Miscellaneous constants,STREAM_COPY,0x88E2,
WebGL 2,Miscellaneous constants,STATIC_READ,0x88E5,
WebGL 2,Miscellaneous constants,STATIC_COPY,0x88E6,
WebGL 2,Miscellaneous constants,DYNAMIC_READ,0x88E9,
WebGL 2,Miscellaneous constants,DYNAMIC_COPY,0x88EA,
WebGL 2,Miscellaneous constants,DEPTH_COMPONENT32F,0x8CAC,
WebGL 2,Miscellaneous constants,DEPTH32F_STENCIL8,0x8CAD,
WebGL 2,Miscellaneous constants,INVALID_INDEX,0xFFFFFFFF,
WebGL 2,Miscellaneous constants,TIMEOUT_IGNORED,-1,
WebGL 2,Miscellaneous constants,MAX_CLIENT_WAIT_TIMEOUT_WEBGL,0x9247,
Extensions,ANGLE_instanced_arrays,VERTEX_ATTRIB_ARRAY_DIVISOR_ANGLE,0x88FE,Describes the frequency divisor used for instanced rendering.
Extensions,WEBGL_debug_renderer_info,UNMASKED_VENDOR_WEBGL,0x9245,Passed to getParameter to get the vendor string of the graphics driver.
Extensions,WEBGL_debug_renderer_info,UNMASKED_RENDERER_WEBGL,0x9246,Passed to getParameter to get the renderer string of the graphics driver.
Extensions,EXT_texture_filter_anisotropic,MAX_TEXTURE_MAX_ANISOTROPY_EXT,0x84FF,Returns the maximum available anisotropy.
Extensions,EXT_texture_filter_anisotropic,TEXTURE_MAX_ANISOTROPY_EXT,0x84FE,Passed to texParameter to set the desired maximum anisotropy for a texture.
Extensions,WEBGL_compressed_texture_s3tc,COMPRESSED_RGB_S3TC_DXT1_EXT,0x83F0,A DXT1-compressed image in an RGB image format.
Extensions,WEBGL_compressed_texture_s3tc,COMPRESSED_RGBA_S3TC_DXT1_EXT,0x83F1,A DXT1-compressed image in an RGB image format with a simple on/off alpha value.
Extensions,WEBGL_compressed_texture_s3tc,COMPRESSED_RGBA_S3TC_DXT3_EXT,0x83F2,"A DXT3-compressed image in an RGBA image format. Compared to a 32-bit RGBA texture, it offers 4:1 compression."
Extensions,WEBGL_compressed_texture_s3tc,COMPRESSED_RGBA_S3TC_DXT5_EXT,0x83F3,"A DXT5-compressed image in an RGBA image format. It also provides a 4:1 compression, but differs to the DXT3 compression in how the alpha compression is done."
Extensions,WEBGL_compressed_texture_etc,COMPRESSED_R11_EAC,0x9270,One-channel (red) unsigned format compression.
Extensions,WEBGL_compressed_texture_etc,COMPRESSED_SIGNED_R11_EAC,0x9271,One-channel (red) signed format compression.
Extensions,WEBGL_compressed_texture_etc,COMPRESSED_RG11_EAC,0x9272,Two-channel (red and green) unsigned format compression.
Extensions,WEBGL_compressed_texture_etc,COMPRESSED_SIGNED_RG11_EAC,0x9273,Two-channel (red and green) signed format compression.
Extensions,WEBGL_compressed_texture_etc,COMPRESSED_RGB8_ETC2,0x9274,Compresses RGB8 data with no alpha channel.
Extensions,WEBGL_compressed_texture_etc,COMPRESSED_RGBA8_ETC2_EAC,0x9275,"Compresses RGBA8 data. The RGB part is encoded the same as RGB_ETC2, but the alpha part is encoded separately."
Extensions,WEBGL_compressed_texture_etc,COMPRESSED_SRGB8_ETC2,0x9276,Compresses sRGB8 data with no alpha channel.
Extensions,WEBGL_compressed_texture_etc,COMPRESSED_SRGB8_ALPHA8_ETC2_EAC,0x9277,"Compresses sRGBA8 data. The sRGB part is encoded the same as SRGB_ETC2, but the alpha part is encoded separately."
Extensions,WEBGL_compressed_texture_etc,COMPRESSED_RGB8_PUNCHTHROUGH_ALPHA1_ETC2,0x9278,"Similar to RGB8_ETC, but with ability to punch through the alpha channel, which means to make it completely opaque or transparent."
Extensions,WEBGL_compressed_texture_etc,COMPRESSED_SRGB8_PUNCHTHROUGH_ALPHA1_ETC2,0x9279,"Similar to SRGB8_ETC, but with ability to punch through the alpha channel, which means to make it completely opaque or transparent."
Extensions,WEBGL_compressed_texture_pvrtc,COMPRESSED_RGB_PVRTC_4BPPV1_IMG,0x8C00,RGB compression in 4-bit mode. One block for each 4×4 pixels.
Extensions,WEBGL_compressed_texture_pvrtc,COMPRESSED_RGBA_PVRTC_4BPPV1_IMG,0x8C02,RGBA compression in 4-bit mode. One block for each 4×4 pixels.
Extensions,WEBGL_compressed_texture_pvrtc,COMPRESSED_RGB_PVRTC_2BPPV1_IMG,0x8C01,RGB compression in 2-bit mode. One block for each 8×4 pixels.
Extensions,WEBGL_compressed_texture_pvrtc,COMPRESSED_RGBA_PVRTC_2BPPV1_IMG,0x8C03,RGBA compression in 2-bit mode. One block for each 8×4 pixels.
Extensions,WEBGL_compressed_texture_etc1,COMPRESSED_RGB_ETC1_WEBGL,0x8D64,Compresses 24-bit RGB data with no alpha channel.
Extensions,WEBGL_depth_texture,UNSIGNED_INT_24_8_WEBGL,0x84FA,Unsigned integer type for 24-bit depth texture data.
Extensions,OES_texture_half_float,HALF_FLOAT_OES,0x8D61,Half floating-point type (16-bit).
Extensions,WEBGL_color_buffer_float,RGBA32F_EXT,0x8814,RGBA 32-bit floating-point color-renderable format.
Extensions,WEBGL_color_buffer_float,RGB32F_EXT,0x8815,RGB 32-bit floating-point color-renderable format.
Extensions,WEBGL_color_buffer_float,FRAMEBUFFER_ATTACHMENT_COMPONENT_TYPE_EXT,0x8211,
Extensions,WEBGL_color_buffer_float,UNSIGNED_NORMALIZED_EXT,0x8C17,
Extensions,EXT_blend_minmax,MIN_EXT,0x8007,Produces the minimum color components of the source and destination colors.
Extensions,EXT_blend_minmax,MAX_EXT,0x8008,Produces the maximum color components of the source and destination colors.
Extensions,EXT_sRGB,SRGB_EXT,0x8C40,Unsized sRGB format that leaves the precision up to the driver.
Extensions,EXT_sRGB,SRGB_ALPHA_EXT,0x8C42,Unsized sRGB format with unsized alpha component.
Extensions,EXT_sRGB,SRGB8_ALPHA8_EXT,0x8C43,Sized (8-bit) sRGB and alpha formats.
Extensions,EXT_sRGB,FRAMEBUFFER_ATTACHMENT_COLOR_ENCODING_EXT,0x8210,Returns the framebuffer color encoding.
Extensions,OES_standard_derivatives,FRAGMENT_SHADER_DERIVATIVE_HINT_OES,0x8B8B,"Indicates the accuracy of the derivative calculation for the GLSL built-in functions: dFdx, dFdy, and fwidth."
Extensions,WEBGL_draw_buffers,COLOR_ATTACHMENT0_WEBGL,0x8CE0,Framebuffer color attachment point
Extensions,WEBGL_draw_buffers,COLOR_ATTACHMENT1_WEBGL,0x8CE1,Framebuffer color attachment point
Extensions,WEBGL_draw_buffers,COLOR_ATTACHMENT2_WEBGL,0x8CE2,Framebuffer color attachment point
Extensions,WEBGL_draw_buffers,COLOR_ATTACHMENT3_WEBGL,0x8CE3,Framebuffer color attachment point
Extensions,WEBGL_draw_buffers,COLOR_ATTACHMENT4_WEBGL,0x8CE4,Framebuffer color attachment point
Extensions,WEBGL_draw_buffers,COLOR_ATTACHMENT5_WEBGL,0x8CE5,Framebuffer color attachment point
Extensions,WEBGL_draw_buffers,COLOR_ATTACHMENT6_WEBGL,0x8CE6,Framebuffer color attachment point
Extensions,WEBGL_draw_buffers,COLOR_ATTACHMENT7_WEBGL,0x8CE7,Framebuffer color attachment point
Extensions,WEBGL_draw_buffers,COLOR_ATTACHMENT8_WEBGL,0x8CE8,Framebuffer color attachment point
Extensions,WEBGL_draw_buffers,COLOR_ATTACHMENT9_WEBGL,0x8CE9,Framebuffer color attachment point
Extensions,WEBGL_draw_buffers,COLOR_ATTACHMENT10_WEBGL,0x8CEA,Framebuffer color attachment point
Extensions,WEBGL_draw_buffers,COLOR_ATTACHMENT11_WEBGL,0x8CEB,Framebuffer color attachment point
Extensions,WEBGL_draw_buffers,COLOR_ATTACHMENT12_WEBGL,0x8CEC,Framebuffer color attachment point
Extensions,WEBGL_draw_buffers,COLOR_ATTACHMENT13_WEBGL,0x8CED,Framebuffer color attachment point
Extensions,WEBGL_draw_buffers,COLOR_ATTACHMENT14_WEBGL,0x8CEE,Framebuffer color attachment point
Extensions,WEBGL_draw_buffers,COLOR_ATTACHMENT15_WEBGL,0x8CEF,Framebuffer color attachment point
Extensions,WEBGL_draw_buffers,DRAW_BUFFER0_WEBGL,0x8825,Draw buffer
Extensions,WEBGL_draw_buffers,DRAW_BUFFER1_WEBGL,0x8826,Draw buffer
Extensions,WEBGL_draw_buffers,DRAW_BUFFER2_WEBGL,0x8827,Draw buffer
Extensions,WEBGL_draw_buffers,DRAW_BUFFER3_WEBGL,0x8828,Draw buffer
Extensions,WEBGL_draw_buffers,DRAW_BUFFER4_WEBGL,0x8829,Draw buffer
Extensions,WEBGL_draw_buffers,DRAW_BUFFER5_WEBGL,0x882A,Draw buffer
Extensions,WEBGL_draw_buffers,DRAW_BUFFER6_WEBGL,0x882B,Draw buffer
Extensions,WEBGL_draw_buffers,DRAW_BUFFER7_WEBGL,0x882C,Draw buffer
Extensions,WEBGL_draw_buffers,DRAW_BUFFER8_WEBGL,0x882D,Draw buffer
Extensions,WEBGL_draw_buffers,DRAW_BUFFER9_WEBGL,0x882E,Draw buffer
Extensions,WEBGL_draw_buffers,DRAW_BUFFER10_WEBGL,0x882F,Draw buffer
Extensions,WEBGL_draw_buffers,DRAW_BUFFER11_WEBGL,0x8830,Draw buffer
Extensions,WEBGL_draw_buffers,DRAW_BUFFER12_WEBGL,0x8831,Draw buffer
Extensions,WEBGL_draw_buffers,DRAW_BUFFER13_WEBGL,0x8832,Draw buffer
Extensions,WEBGL_draw_buffers,DRAW_BUFFER14_WEBGL,0x8833,Draw buffer
Extensions,WEBGL_draw_buffers,DRAW_BUFFER15_WEBGL,0x8834,Draw buffer
Extensions,WEBGL_draw_buffers,MAX_COLOR_ATTACHMENTS_WEBGL,0x8CDF,Maximum number of framebuffer color attachment points
Extensions,WEBGL_draw_buffers,MAX_DRAW_BUFFERS_WEBGL,0x8824,Maximum number of draw buffers
Extensions,OES_vertex_array_object,VERTEX_ARRAY_BINDING_OES,0x85B5,The bound vertex array object (VAO).
Extensions,EXT_disjoint_timer_query,QUERY_COUNTER_BITS_EXT,0x8864,The number of bits used to hold the query result for the given target.
Extensions,EXT_disjoint_timer_query,CURRENT_QUERY_EXT,0x8865,The currently active query.
Extensions,EXT_disjoint_timer_query,QUERY_RESULT_EXT,0x8866,The query result.
Extensions,EXT_disjoint_timer_query,QUERY_RESULT_AVAILABLE_EXT,0x8867,A Boolean indicating whether or not a query result is available.
Extensions,EXT_disjoint_timer_query,TIME_ELAPSED_EXT,0x88BF,Elapsed time (in nanoseconds).
Extensions,EXT_disjoint_timer_query,TIMESTAMP_EXT,0x8E28,The current time.
Extensions,EXT_disjoint_timer_query,GPU_DISJOINT_EXT,0x8FBB,A Boolean indicating whether or not the GPU performed any disjoint operation.
